epoch,loss,lr,val_loss
0,0.6434657573699951,0.1,0.6377689838409424
